CustomerID,Name,Email,Phone,RegistrationDate
1,Alejandro Meyer,alexis02@yahoo.com,001-933-090-5963x9791,2024-03-11
2,Christopher Cruz,erivera@yahoo.com,001-278-519-2425x863,2023-11-25
3,Luis Fisher,paynejill@yahoo.com,+1-819-553-8196x9826,2025-03-08
4,Paula Jones,shane41@gmail.com,001-964-721-8943x54695,2024-11-09
5,Anthony Lee,jeffreyhoward@taylor.com,001-099-039-9173x1549,2025-07-21
6,Mrs. Amber Williams,pauljohnson@english.org,001-638-898-5042x6208,2025-03-03
7,Rachel Acevedo,nhammond@herrera.com,288-530-3280,2024-09-06
8,Cory Valentine,youngjennifer@hotmail.com,(354)120-5111x01414,2023-12-21
9,Fernando Cooper,jonesrobert@griffith-edwards.net,+1-158-587-6612x8980,2023-12-20
10,Melissa Taylor,chadcampos@simpson-ross.com,(174)329-2849,2025-06-21
11,Brian Snow,mistyhubbard@howell-simmons.com,9298192506,2025-07-27
12,Hannah Hurst,lowerymichael@gmail.com,+1-450-703-6336x7889,2025-01-29
13,Kenneth Perry,clinemichael@hotmail.com,444.670.2746x680,2025-10-01
14,Brandon Brown,dakota05@gmail.com,082.354.9356,2024-07-26
15,Tony Bailey,brian48@hotmail.com,657-859-2318,2024-02-24
16,Linda Juarez,frankdunn@yahoo.com,889.235.1574x91767,2025-08-27
17,Jennifer Flores,dalvarez@yahoo.com,907.902.0421x378,2024-02-17
18,David Collier,beverly96@acosta-melendez.biz,(123)113-7930x5115,2024-08-06
19,Sarah Reed,vargastanya@hotmail.com,831.621.5894,2023-11-11
20,Jordan Johnson,michelegreen@hotmail.com,889-629-6535x556,2024-10-25
21,Kelly Figueroa,linda71@gmail.com,001-145-209-5151,2024-08-15
22,Phillip Burns,dianewalsh@yahoo.com,409.022.3574x56491,2024-12-18
23,Joshua Williams,scottperez@smith.com,+1-607-979-1595x4272,2024-11-11
24,Laurie Ramsey,michael79@martin.com,001-717-415-4668,2024-03-05
25,Evan Hill,kevinrichards@gilbert.biz,001-119-110-2223x33639,2025-03-30
26,Amanda Young,zbest@hotmail.com,079.419.8141,2025-01-05
27,Douglas Li,brittanyfrench@yahoo.com,251.248.6035x2111,2024-02-17
28,Hunter Pennington,gabrielestes@yahoo.com,(192)166-6183x615,2025-09-28
29,Angela Conley,janice21@gmail.com,(834)062-6378,2025-06-20
30,Andrew Mendez,rachel65@martinez.com,016-319-6801x391,2024-01-25
31,Christopher Pacheco,juliealexander@wells.com,040-975-0789,2024-08-26
32,Nicole Leach,kathrynking@larsen-lewis.info,(398)876-4639x93776,2024-10-01
33,Joshua Lynch,isexton@scott.com,3842917908,2025-06-15
34,Cheryl Moore,clineashley@gmail.com,112-789-6364,2025-06-06
35,Deanna Garza,kristen56@yahoo.com,508.646.3131,2024-02-15
36,Rodney Morse,jasonmiranda@rubio-garcia.com,707-001-8332x49510,2025-05-13
37,James Martinez,george64@yahoo.com,(040)718-3837,2024-04-13
38,Mary Higgins,jenniferhughes@thompson-smith.com,+1-616-305-0203x60575,2024-12-29
39,Justin Gross,adam12@gmail.com,+1-564-436-3603x09854,2024-06-29
40,Robert Summers,davidmoore@hotmail.com,(549)913-1560x8522,2024-09-06
41,Robert Simpson,welchwayne@hotmail.com,+1-392-813-6468x652,2023-11-19
42,Kevin Grant,richardclark@ross.com,5846905898,2025-08-29
43,Amanda Simon,njacobs@yahoo.com,4859383911,2024-05-25
44,Rodney Alvarez,ryan93@snyder.com,5797207160,2025-01-21
45,Shannon Brady,martincampbell@rodriguez.com,001-074-121-3663x207,2024-07-29
46,Donna Delacruz,tmorgan@yahoo.com,001-587-467-0272x816,2024-12-17
47,Bethany Ruiz,gregory45@hotmail.com,403-736-3240,2025-05-14
48,Kevin Black,jacksonchristopher@bailey.biz,157.773.3197,2025-09-24
49,Michelle Walsh,alanstone@scott.com,483-518-1318x1987,2024-11-05
50,Jesse Hall,lauratorres@yahoo.com,001-586-013-5821x9631,2025-05-07
51,Keith Martinez,vmiles@gmail.com,+1-626-293-7869,2023-11-19
52,Jack Moore,morrisjessica@richards.com,001-067-648-9056x1742,2025-06-13
53,Amanda Gibson,carrie04@garza-dominguez.info,158-553-9662x207,2024-05-06
54,Shelly Anderson,edwinross@ward-norris.com,2492770457,2024-08-03
55,John Cruz,millernicole@sanchez-boyd.info,029-583-4165,2025-07-24
56,Paul Gomez,mcdonaldbrooke@gmail.com,+1-737-217-0337x99546,2024-01-27
57,Desiree Jones,jeremy51@yahoo.com,130-721-4284x1844,2024-06-23
58,Nicholas Adams,zjohnson@hotmail.com,(149)280-4972x96926,2024-03-04
59,Emily Brennan,stevensmary@garrison.com,(015)200-1019x89553,2025-07-04
60,James Savage,amendez@burke.org,+1-315-521-7723x754,2023-12-05
61,Amanda Smith,fhunter@huff.com,(979)581-5975,2024-06-20
62,Thomas Jones,johnlewis@yahoo.com,+1-958-846-0812,2024-01-08
63,Chelsey Ross,xbaker@warner.com,(334)255-0061x324,2025-07-16
64,Nicholas Morris,wilcoxjennifer@yahoo.com,(590)322-7237x26427,2024-05-16
65,Ryan Mitchell,wsimpson@garcia.com,935-321-5146,2024-04-29
66,Karen Smith,andrew88@yahoo.com,175-784-3443,2025-04-09
67,Loretta Reynolds,marcuspatel@watson-herrera.info,352-692-9296x59063,2025-07-20
68,Larry Morris,washingtoncheryl@barnett-hammond.biz,611-337-0427,2024-06-04
69,Katie Farley,nguyenjennifer@yahoo.com,001-335-352-8708x467,2025-05-30
70,Elizabeth May,wendyalexander@hotmail.com,385.569.2911,2024-09-12
71,Darren Harmon,marshallhailey@jones-wade.com,+1-520-371-7665x238,2025-09-16
72,Barbara Vaughan,danielle02@hotmail.com,+1-029-732-6809,2024-06-17
73,Karen Blake,amandabrown@smith-sutton.com,848.516.9499x691,2024-10-18
74,Brenda Freeman,christina79@hotmail.com,927-345-6916x0502,2023-12-09
75,Eric Tapia,tara29@gutierrez.com,(570)884-7274,2024-09-09
76,Miguel Rodriguez,jasmine85@white.com,(205)439-8518x02978,2025-02-26
77,Marcus May,staceymiles@gmail.com,382-612-2343,2024-05-17
78,Sonya Guerrero,xarnold@pratt-wilson.biz,7617388485,2024-05-25
79,Alice Maynard,danielroth@yahoo.com,(596)403-0529x429,2025-02-06
80,Melanie Hamilton MD,rmora@carrillo.biz,(817)813-5162x94750,2024-09-18
81,Sheryl Hensley,stevenlucas@yahoo.com,(136)675-7806x20393,2024-02-12
82,Mr. Henry Scott II,davidthomas@rodgers.com,+1-219-723-5271x2485,2025-04-24
83,Mr. Bradley Holden,juanwilson@hotmail.com,081.032.1308,2024-04-05
84,Susan Pearson,brandoncurtis@escobar.info,109.500.6781,2024-06-26
85,David Thornton,jwilson@wallace.com,001-084-602-6490x03891,2025-09-04
86,Thomas Chan,olsoncarmen@gmail.com,7769155339,2024-12-08
87,Corey Dominguez,wisethomas@atkins.org,(099)869-4895x9959,2024-12-17
88,Jennifer Marsh,april65@hayes.biz,+1-307-526-5103x7819,2025-08-17
89,James Hensley,ffreeman@gmail.com,579.198.5718x636,2024-01-26
90,Lisa Prince,cobbjohn@yahoo.com,001-524-369-2826x6395,2024-12-21
91,David Wheeler,priscillahayes@castillo.net,280-437-9736,2024-07-17
92,Candice Frank,jacksonlynn@yahoo.com,+1-072-857-6760,2024-09-03
93,Christina Meyer,angelasteele@yahoo.com,(949)363-1142x027,2024-04-24
94,Richard Guzman,raylopez@jones-rivera.net,0744780614,2024-05-29
95,Jason Patterson,callen@thompson-sanchez.com,001-303-124-7289,2025-02-19
96,Matthew Williams,morrisrichard@ferguson.com,0852818362,2025-04-15
97,Stephanie Montgomery,jeffery98@hotmail.com,970.839.0414x5384,2024-04-13
98,Laura Johnson,ianjohnson@yahoo.com,917-023-3263,2024-03-04
99,Miss Lori Benton,jason33@williams.info,001-449-237-3589x698,2024-04-02
100,Matthew Ortiz,katherinesuarez@gross.biz,001-162-547-1824x4343,2024-01-08
101,Robin Cohen,benjamin59@hartman.com,+1-146-160-4473x3882,2024-12-22
102,Susan Gonzales,simmonsdavid@gmail.com,+1-706-286-2717x82855,2025-06-09
103,Richard Flores,gcontreras@sullivan.com,987.316.5177x135,2024-11-18
104,Marcus Price,alexander25@morris-montgomery.com,001-525-967-2064x453,2024-02-29
105,Michelle Beltran,jason91@knox.com,001-513-433-6618x583,2025-03-30
106,Eric James,tiffanycollins@lynch.com,(328)469-0618,2025-04-15
107,Jason Smith,brownjoseph@yahoo.com,001-703-055-8138x098,2024-04-26
108,Rachel Gonzalez,alisondavis@lopez.com,(154)365-7148x248,2025-09-07
109,Cody Perez,dsimmons@smith-maldonado.info,001-533-547-7796,2024-04-15
110,Anthony Peterson,andrew92@quinn.com,987-352-7881x512,2025-04-11
111,Jennifer Harris,carolynwalker@hotmail.com,001-404-189-5972x424,2023-10-30
112,Elizabeth Wright,davidbrown@lang.com,5060979156,2024-09-25
113,Justin Rush,eberry@gmail.com,490.819.0395,2024-04-04
114,Brittany Wagner,uscott@hotmail.com,384-197-7704,2024-03-02
115,James Hickman,heather20@gmail.com,(449)369-5113,2025-03-26
116,Kenneth Mason,campbelljennifer@yahoo.com,408.946.8435x7664,2023-12-26
117,Brian Dixon,kimberlymorales@gmail.com,914-018-9506x8145,2024-12-26
118,Jessica Melton,theresa63@smith.com,(168)977-4712,2025-07-08
119,Michael Dougherty,cwells@jones.com,001-430-013-8671,2023-10-18
120,Joseph Larsen,ugarcia@yahoo.com,+1-244-616-7226x94148,2025-08-26
121,Lydia James,nhall@rodriguez.com,+1-535-566-2512,2024-07-25
122,Manuel Marshall,zbaker@lee.com,466-802-2763x1829,2024-12-30
123,Joseph White,adamsmicheal@gmail.com,+1-573-854-9239x3387,2024-11-08
124,Jean Tran,edwardramos@hubbard.biz,001-503-831-6399x9925,2024-04-05
125,Colin Montes,gilbertannette@hernandez.com,+1-931-579-6069,2024-02-02
126,Jonathon Wilson,jason00@diaz.net,+1-549-493-3336x806,2023-11-02
127,Karen Allen,christopherhunter@yahoo.com,999.813.8253x042,2025-09-04
128,Thomas Chen,robertthomas@hotmail.com,(871)991-9797x3491,2025-07-09
129,Colleen Peterson,ebishop@hotmail.com,422.006.5756x522,2025-06-11
130,Kent Collins,melissa04@sanchez.com,001-733-259-7589x80692,2024-09-29
131,Heather Burch,pblackwell@hotmail.com,(237)703-8495,2024-12-25
132,Christopher Garcia,andersonjeffrey@farrell.com,+1-648-969-0796,2024-06-01
133,Frederick Bartlett,johnsoncharles@fletcher.info,402-202-8883,2024-06-07
134,Jacob Adkins,zspencer@murphy.com,001-452-821-7347,2025-01-14
135,Charles Bates,traviswalker@martinez.com,001-950-024-0410,2024-08-26
136,Nancy Petty,martin12@thompson.com,001-596-285-3159x585,2024-03-02
137,Juan Davis,nancy11@gmail.com,2535115656,2025-09-02
138,Gary Mayo,ibrown@hotmail.com,001-245-515-1017x0141,2024-05-19
139,Richard Mckenzie,smithbrandi@huerta-briggs.org,9776027435,2025-06-28
140,Stephanie Johnson,michael83@lewis.com,(826)504-3951x04783,2025-09-24
141,Mary Pearson,harperamy@munoz.com,9722330163,2024-10-05
142,Katrina Lowe,danielmiller@williams.com,4522053987,2025-06-03
143,Mark West,jonathan43@lewis-harper.org,572.019.6938x104,2024-04-29
144,Stephanie Luna,jonathanbryant@gmail.com,(361)474-9470x8939,2025-01-14
145,Nicholas Gray,espinozapeter@knapp-peterson.info,+1-678-092-9590x515,2025-02-06
146,Andrew Robertson,craig05@wood.info,763.008.1622x85342,2023-11-17
147,Brandon Soto DDS,heather65@anderson.info,(662)245-0154,2024-10-31
148,Steven Webb,veronicaallen@johnson-obrien.com,001-404-974-5945x92195,2025-01-29
149,Tracy Scott,hboyle@decker.com,(971)440-7467,2024-03-10
150,Jacob Petersen,charlescraig@larson.org,001-631-316-5562,2024-12-01
151,Michael Hunter,ozamora@barrett.com,162.631.8723x4818,2024-10-15
152,Cristian Herrera,andersonsherry@gmail.com,(005)838-6284x22495,2024-05-13
153,Daniel Kim,terri25@hotmail.com,001-525-025-0624x823,2025-09-12
154,Alexis Williams,nicholsshane@yahoo.com,298.722.9614x066,2023-12-21
155,Darius Martinez,valerie63@sharp.net,234-047-0861,2024-02-14
156,Morgan Hill,kelleyallison@gmail.com,+1-048-689-2173x36619,2024-06-07
157,Adam Delacruz,john04@garcia.com,023.193.6714,2024-06-01
158,James Evans,nathanrodriguez@hays-bryant.net,001-375-423-1798x013,2024-02-02
159,Brian Fisher,ssantiago@yahoo.com,+1-514-549-3927,2023-10-20
160,Mario Johnson,egould@costa.com,908.333.3787,2024-10-27
161,Donald Johnson,shahstephanie@yahoo.com,166-771-4110x2309,2024-08-15
162,Michael David,jennifer42@hotmail.com,578-487-1600x59130,2024-10-08
163,James Smith,mhouston@gmail.com,+1-810-906-1518,2024-06-17
164,James Terry,adamhouston@gmail.com,573.229.3295,2025-03-13
165,Omar Schmitt,wmorgan@hotmail.com,927.175.9631,2025-07-06
166,Matthew Jackson,theresa15@estes.info,362.910.8395,2025-02-14
167,Christine Newman,roberthanson@yahoo.com,988.534.4336x128,2025-07-11
168,Matthew Jensen,tammy76@burns.org,+1-754-329-4330x0630,2025-08-17
169,Michael Flores,wilsonjacob@montgomery-adkins.com,083.474.5257,2025-05-28
170,Matthew Wright,henrymichelle@bennett.com,226.305.4957,2024-12-19
171,Ronald Martinez,peverett@gmail.com,006-888-4256x2445,2025-02-16
172,Ashley Nixon,bwest@hotmail.com,(253)371-9601x3104,2023-11-04
173,Dana Perez,fordmaureen@spears-hawkins.net,662.085.8468x828,2025-06-02
174,Ashley Owens,davidrodriguez@yahoo.com,+1-532-955-4615x514,2023-11-16
175,Jessica Brown,sara50@hotmail.com,012-571-7927x76064,2024-03-22
176,Kristen Adams,jillian93@gmail.com,686.236.4891,2024-03-13
177,Alexander Perry,nathanbeard@mercado.com,(627)421-7631,2024-09-13
178,William Barrera,jacksonconnor@graham.com,725.521.3651,2025-05-17
179,Melissa Bates,whitechristina@pope.com,824.186.1200x6923,2024-11-11
180,David Bush,michele66@gmail.com,001-783-825-8310x2679,2024-07-12
181,Randall Mayo,fbaker@roberts.org,+1-192-064-7637x1044,2024-02-08
182,Alan Carlson MD,michaelleon@hotmail.com,+1-187-611-7053x6157,2024-08-14
183,Nancy Miller,oreynolds@graham.com,0138822854,2024-10-25
184,Jessica Short DVM,rangeldavid@yahoo.com,+1-498-314-6089x1176,2024-04-18
185,Kelly Rodgers,kevin93@yahoo.com,780-121-7100,2025-04-15
186,Roger Porter,jobaird@hotmail.com,001-352-968-9810x1247,2025-07-09
187,Jessica Berg,taylorsheila@gmail.com,+1-494-457-2636x60285,2024-12-25
188,Stephanie Jacobs,wfrank@yahoo.com,424.849.8131x15358,2023-12-17
189,Shawna Butler,christopher73@yahoo.com,3337791415,2025-08-13
190,Erika Harris,gyoung@gmail.com,+1-750-753-0097x759,2024-06-21
191,Dawn Thomas,brandon82@gmail.com,+1-414-941-8358x4759,2024-11-01
192,James Anderson,diane14@mathis-collins.org,932-393-5680x78974,2024-01-18
193,Roberta Parker,trivas@hotmail.com,(871)482-0461x6140,2024-10-28
194,Christopher Oconnell PhD,gailtaylor@hotmail.com,(066)625-6603,2024-01-16
195,Troy Garrison,skinnerjulie@hotmail.com,953.937.5132,2024-12-10
196,Shelby Mathews,francisrobert@hotmail.com,(881)971-8820x9298,2025-03-16
197,George Tapia,barbaraanderson@yahoo.com,980-280-5785x69380,2023-12-11
198,Keith Johnson,trevor83@wheeler-summers.net,995-243-0179x30351,2025-04-04
199,Christine Lee,davischarlotte@long.com,2021271394,2023-12-03
200,Stephen Perez,williamshailey@hotmail.com,001-072-430-2329x91573,2024-09-24
201,Dustin Pollard,brendachoi@yahoo.com,754-159-3820,2024-03-22
202,Vanessa Cox,sydney32@harris-smith.net,(222)443-1212,2025-06-03
203,Grant Lewis,frank99@bryant.info,(722)071-8288,2025-08-19
204,Joel Parker,gmorrow@hotmail.com,401-067-5635x4559,2025-02-06
205,Lori Tate,brian19@ramos.com,001-030-815-4490x752,2025-06-30
206,James Miller,stephendeleon@anderson.com,(128)479-6207,2023-12-06
207,James Rivera,kdaugherty@hawkins.com,001-728-398-7086x8520,2025-04-03
208,Katherine Mann MD,cpeterson@gmail.com,001-528-139-7455x332,2024-01-05
209,Tracy Hill,susanrodriguez@hotmail.com,+1-772-146-6277x509,2025-01-02
210,Mr. Cory Anderson,washingtonjames@yahoo.com,824.484.1034x9151,2025-04-28
211,Paul Coleman,andersonchristopher@gonzales.biz,827-053-4043x6349,2024-06-26
212,Antonio Colon,browningdeborah@yahoo.com,001-458-998-3858,2025-10-01
213,Stephanie Wilkerson,kcarpenter@gmail.com,001-225-091-0381x958,2025-05-27
214,Valerie Young,lee28@kerr.com,485-021-9752,2024-03-10
215,Elizabeth Miller,thomas00@hotmail.com,0030662441,2025-02-26
216,Robert Mcdowell,harringtondebra@parks.com,001-186-134-7226x8481,2025-08-08
217,Michael Baird,matthewtaylor@hotmail.com,429.482.9055,2024-10-05
218,Elizabeth Campbell,phillipseileen@yahoo.com,+1-062-902-6602x7243,2025-09-25
219,Kelly Alexander,james49@shepherd.biz,001-311-186-1441,2023-10-20
220,Susan Howell,austin24@hotmail.com,781-124-2623x3552,2025-08-20
221,Carolyn Cummings,gonzalezbrenda@madden.com,946.232.7970x306,2024-02-20
222,Madison Quinn,angela16@henry.com,(128)822-6111,2024-09-05
223,Christie Allen,karen88@gmail.com,228-314-6935x125,2023-12-28
224,Anna Smith,jennifer68@barry-riley.com,+1-851-140-7763,2025-09-05
225,Brittany Ballard,brian73@yahoo.com,001-256-865-5943x0655,2025-09-09
226,Lindsay Martinez,ojackson@gmail.com,296.928.8683x388,2024-05-08
227,Tina Ramirez,timothy23@thomas-rosales.com,(994)539-8548x35808,2024-02-16
228,Evan Randall,samanthatyler@gmail.com,209.194.0728x1437,2025-04-02
229,Adam Peters,emily52@schwartz.com,(129)808-5987x45677,2024-09-10
230,Allen Wilkins,mwashington@yahoo.com,+1-802-939-9779x8978,2024-07-01
231,Megan Cook,ymaddox@walker-hays.org,760.301.2554x82029,2023-11-30
232,Elizabeth Wheeler,ashleygreen@murphy.org,+1-056-856-3431,2025-07-22
233,Kimberly Simmons,tara44@gmail.com,235-117-6821x370,2024-09-24
234,Jeremy Sanders,gomezstacie@yahoo.com,001-067-458-3637,2024-02-03
235,Timothy Yates,reynoldsdouglas@yahoo.com,(502)820-1502,2024-11-09
236,Michael Robbins,garciarussell@lynn.com,001-638-281-7019x275,2025-03-10
237,Katie Gardner,johnsonmargaret@hotmail.com,759-142-6971,2024-05-27
238,Keith Smith,gillmakayla@gmail.com,787-333-6491,2025-05-14
239,Donna Barrera,lsawyer@gmail.com,+1-712-907-5068x7038,2025-03-25
240,Megan Clark,bbrewer@castro.net,001-490-456-9003,2025-07-04
241,Ernest Freeman,kimberly16@curry-rodriguez.info,013-698-9375x56414,2024-05-12
242,Kristin Estrada,sadams@yahoo.com,082.336.4902,2025-04-16
243,Kayla Campbell,brandon67@hunt-green.com,(802)215-6782x285,2025-01-05
244,Adam Bennett,lindsay21@torres-anderson.com,+1-642-446-5154x95113,2025-09-01
245,Stacy Rodriguez,alexis41@hendricks.com,176-259-1998,2024-12-09
246,Kim Rice,canderson@long-burns.info,620-752-2968x7769,2024-07-10
247,Heidi Rhodes,hillstephanie@gmail.com,001-773-410-3926x68960,2024-05-08
248,Janet Kline,ryan25@moon.biz,041.567.0096,2024-07-31
249,Robert Hernandez,wilcoxthomas@anderson-pineda.com,001-651-234-5251x9529,2024-04-12
250,Michelle Baker,anthonyrobertson@thomas-brown.net,(602)094-3970,2024-03-24
251,Kathleen Garner,cgaines@reilly-hall.com,001-678-866-7994,2024-03-02
252,Victor Hernandez,john07@gmail.com,7669222183,2023-12-28
253,Teresa Osborn,swilson@hotmail.com,+1-373-480-2187x18780,2025-09-04
254,Kirsten Henry,briansmith@yahoo.com,(968)494-8812x247,2024-05-24
255,Brenda Wallace,mhoward@coleman.com,001-460-266-1862x8342,2024-08-29
256,Patricia Taylor,williamskim@hotmail.com,551.530.0082,2024-11-11
257,Tammy Cline MD,christina99@gmail.com,305.998.4831x51006,2024-07-17
258,Michael Terry,wardscott@ortiz-murphy.com,495-058-6321,2024-01-27
259,Thomas Brown PhD,nbell@jones.org,866.673.4815,2025-04-11
260,Kelly Becker,pjohnson@hotmail.com,497.640.4098,2025-01-26
261,Allison Johnson,elivingston@yahoo.com,082-791-8185x3803,2023-11-23
262,Michael Barrera,michael80@hotmail.com,001-706-317-6192,2024-06-07
263,Anthony Smith,tanner77@hotmail.com,+1-400-174-7944x1168,2025-04-07
264,Gabriela Flores,jennifer16@diaz.info,+1-493-284-8046,2024-10-31
265,Holly Gutierrez,speterson@yahoo.com,001-650-727-1885x04904,2025-03-03
266,Cynthia Hall,peterspence@gmail.com,+1-431-727-2089x8796,2025-08-19
267,Jeffrey Robinson,brandoncastro@yahoo.com,(869)311-9163,2025-04-18
268,Samantha Owens,lflowers@martinez-barton.com,570-770-5351,2024-12-03
269,Melinda Hamilton,tyler89@cherry-clark.net,+1-511-553-8945x645,2024-06-22
270,Gloria Potts,abigailsilva@juarez.com,001-994-150-6852x8557,2025-07-06
271,Justin Palmer,cohensally@franklin-rodriguez.info,(827)183-3514x51822,2023-12-07
272,Kimberly Hanson,donald16@williams-vega.com,+1-594-878-2773x77585,2025-03-31
273,Curtis Smith,erica16@barajas.info,001-039-351-7115,2025-01-01
274,William Chandler,haynestodd@yahoo.com,662.698.2455x6771,2025-09-10
275,Marie Johnson,ahuff@greer.net,001-314-561-9325x9162,2024-08-17
276,Dr. Gabriel Jones,martha56@yahoo.com,326.665.4240x37102,2024-07-09
277,Leonard Shaw,perkinssean@kim.net,001-667-720-5535x387,2025-02-13
278,Kelsey Downs,donna85@martin.com,639.139.0573x2273,2025-01-16
279,Lee Lucas,boydjennifer@yahoo.com,001-589-418-3370x140,2024-06-07
280,Jason Adams,rkelley@shaw-barrera.com,300.766.4200x39426,2024-02-19
281,Nicole Hall,jamie69@hotmail.com,(839)601-5441x08131,2025-06-07
282,Sharon Cannon,joannemiller@krause.com,+1-315-383-5019x122,2024-01-22
283,Ryan Walker,banksannette@kline.com,164-762-2058x6408,2023-10-12
284,Ashlee Bryant,elizabethyoung@hardin.com,358-624-0802x1252,2024-11-05
285,Monica Randolph,jonchapman@schmidt.com,925.972.8396x5962,2024-04-23
286,Richard Williams,johnsonamy@hanson-shepherd.biz,+1-873-881-8435x517,2024-03-10
287,Joshua Watson,fgreen@dixon-phelps.com,0458511192,2025-02-28
288,Denise Graham,ewells@yahoo.com,001-732-451-8003x3103,2025-07-12
289,Alejandro Villanueva,howardtyrone@wilson.com,+1-745-892-5881x056,2024-04-03
290,Michelle Jackson,david06@hotmail.com,+1-874-801-0213x524,2024-11-22
291,Katie Strickland,flemingpaula@yahoo.com,203.394.5181x1548,2024-03-25
292,Tamara Green,ntorres@gmail.com,6729776771,2024-02-18
293,Jenna Vazquez,john53@white.net,001-738-270-4594x27503,2024-04-27
294,Elizabeth Ellis,chelseacook@yahoo.com,512-020-2950x7061,2024-11-27
295,Jamie Vazquez,lsmith@walls.com,001-820-216-7612x25190,2024-07-25
296,Misty Brennan,martinrebecca@martinez-burton.info,+1-288-398-3621x43039,2024-04-02
297,Taylor Anderson,jenniferhodges@hotmail.com,+1-831-921-8863x856,2025-06-28
298,Patricia Barron,ericbaker@yahoo.com,001-210-680-8357x9612,2023-11-17
299,Marisa Lindsey,lynnamy@sanchez.com,414.364.6647x62688,2024-07-29
300,Vernon Ramirez,jonathanthornton@gmail.com,009-459-5119,2024-03-04
301,Tyler Ortega,ramirezjodi@dunlap.com,725.058.2506x38467,2024-05-02
302,Kayla Howe,ryanallison@hotmail.com,943-064-1264x8160,2023-10-11
303,Peter Ruiz,loriclark@adams.org,+1-611-649-2795,2024-09-15
304,Sarah Harrell,charles42@gmail.com,+1-092-255-3528x110,2024-06-22
305,Jason Hall,hrice@horne-collins.com,001-628-440-2244,2025-05-19
306,Lisa Jones,sandra35@daniels-ellis.com,(969)572-4778,2025-06-21
307,Patrick Lowe,brownmark@miller.com,+1-073-683-5867x12791,2023-11-19
308,Rachel Vang,amy14@gmail.com,442.684.9952,2024-11-15
309,Evan Mitchell,hansencory@baker.info,+1-488-321-2779x710,2025-04-09
310,Jonathan Avery,cisneroseric@hotmail.com,133.710.0892x530,2024-10-08
311,Joshua Clark,patricia56@gmail.com,174-997-7541,2024-05-10
312,Megan Juarez,richardjones@gmail.com,001-162-191-1272x882,2025-08-27
313,Samantha White,heatherharris@ramirez.info,001-993-482-6601,2024-07-15
314,Michelle Stewart,justinmann@knox.com,971-605-2137,2025-07-29
315,Laura Small,jacobarmstrong@smith.com,961-068-0771,2024-04-08
316,Joseph Robinson,steven84@rich.net,+1-746-373-0650x9825,2024-01-07
317,Ivan Roth,rebecca30@roberts.com,566.516.3983,2024-12-04
318,Laura Ramirez,jasonbentley@warren.com,(406)360-2360x017,2024-11-16
319,John Salazar,qbell@yahoo.com,016-315-3904,2024-04-01
320,Alexander Brooks,isaac52@duke.com,+1-784-515-1766x2975,2024-01-14
321,Alexis Dalton,dennisbruce@martin.com,+1-520-597-2064x173,2024-06-07
322,Matthew Wallace,jacquelinefrazier@hotmail.com,+1-256-161-3029x30034,2025-08-23
323,Tammy Frazier,leslie80@miles.com,001-397-284-8743x437,2023-11-23
324,Joseph Rowe,ebailey@yahoo.com,001-617-549-6038x93753,2025-03-28
325,Kelly Osborne,hwilliams@hotmail.com,377-407-9288x554,2025-07-19
326,Mercedes Mason,qrivas@malone.biz,+1-779-086-2708,2024-05-05
327,Cindy Christian,bryantjoe@stewart.com,958.724.0846,2024-10-02
328,Kelly Richardson,joshua15@adkins.com,170.512.8295,2024-12-19
329,Sabrina Thomas,torresedward@good.com,670.533.4780,2024-09-25
330,Cynthia French,swillis@rosario.info,+1-804-875-7225x545,2025-04-12
331,Robert Ryan,vanessawillis@romero.com,(529)997-3292x86805,2023-10-17
332,Amanda Garrison,ubaird@clark.com,001-709-461-4243x176,2024-12-30
333,Keith Vance,lisa73@deleon-smith.org,001-090-012-3072x917,2025-10-04
334,Jessica Buckley,mallen@kirk.info,(915)186-7246,2025-02-10
335,Erica White,deanna64@mcdaniel.org,617.080.9864,2024-10-14
336,Misty Lowery,robinsoncassandra@gmail.com,919.778.7674x81784,2024-11-06
337,Jacob Hart,ahobbs@watson.biz,001-924-661-8821,2023-12-12
338,Robert Howell,jason52@yahoo.com,(122)011-2195,2024-03-02
339,Valerie Berger,guerrerochristopher@klein-brown.org,(522)188-3219x48249,2023-12-29
340,Janet Johnson,christopher94@yahoo.com,385-662-6521x50036,2024-04-05
341,Chris Smith,matthewjones@gmail.com,001-341-928-6074x859,2025-08-21
342,Marc Campbell,maria58@payne-chen.com,821.202.6127x4645,2024-02-02
343,Mary Alexander,figueroamarie@hotmail.com,536.783.4576,2024-11-14
344,Alicia Maldonado,scontreras@yahoo.com,724-061-0157x1509,2024-07-24
345,Steven Roberts,johndillon@carrillo.biz,001-859-299-2876,2025-08-09
346,Sheila Nelson,piercematthew@dean.info,+1-946-034-8873x6689,2025-04-22
347,Thomas Mcclain,fcarlson@yahoo.com,001-611-253-5742x4672,2025-05-04
348,Carl Johnson,stewartnicole@gmail.com,+1-711-962-9825,2025-01-20
349,John Lopez,heather79@hotmail.com,(288)839-7817,2024-01-05
350,Jill Lindsey,ddoyle@miller-martinez.info,(597)678-7311x48958,2025-05-04
351,Lauren Clements,eric03@mack.org,(992)084-1176x86434,2025-04-27
352,Christopher Jones,wforbes@hotmail.com,7724174852,2024-07-02
353,Jennifer Anderson,jonathanmccoy@meadows.com,(985)278-7794x4163,2025-01-19
354,Heather Buchanan,jthomas@gillespie.info,389-269-4099,2023-12-17
355,Kimberly Wyatt,kristina06@rodgers-cruz.com,(654)185-5128,2024-01-29
356,Joshua Mooney,ashley74@ramsey-flores.com,970.999.9337x6588,2025-03-15
357,Bethany Reid,ericraymond@anderson-ellis.com,6238517459,2024-07-18
358,Brandon Guzman,taylor74@warner.com,556-033-0868,2024-12-01
359,Cynthia Bush,estradanorma@yahoo.com,158.075.3758x062,2024-08-09
360,Jessica Garcia,webbmary@gmail.com,001-684-644-2343,2025-09-03
361,Derrick Davis,hochristopher@martin.com,8271623350,2025-01-28
362,Cameron Davis,gonzalezcharles@ward.com,(362)495-8835,2023-11-16
363,Lisa Jones,carlosmacias@lopez.com,304-745-7320x298,2024-06-08
364,Mark Nelson,lisadillon@potter-rhodes.info,7323534090,2024-01-07
365,Steven Gonzalez,hcox@webb.com,001-796-067-7817,2024-06-18
366,Beth Ortiz,russell97@jones-miller.biz,001-915-875-1898,2023-11-01
367,Larry Davis,parker64@yahoo.com,(062)788-1514,2023-10-09
368,Jacob Copeland,hhamilton@hotmail.com,001-088-203-9096x00812,2024-09-16
369,Ethan Martin,jasmine23@whitaker-mckenzie.org,+1-813-166-5907x374,2024-03-19
370,Joseph Walker,leslieolson@gmail.com,665-585-8485x1078,2025-02-16
371,Angela Wright,qcruz@hotmail.com,373.698.4864x7313,2024-05-02
372,Ronald Lopez,rodriguezjennifer@hotmail.com,376.022.1521,2024-11-21
373,Victoria Kelly,william77@hotmail.com,347-294-5376,2024-02-04
374,Ryan Jimenez,austin43@yahoo.com,832.430.4704,2024-07-04
375,Jessica Campbell PhD,omartinez@hart-garcia.net,+1-057-523-2730x2228,2024-02-09
376,Christopher Branch,abigail75@calderon.com,8780353969,2023-11-26
377,Kelsey Wilson,jefferysalinas@yahoo.com,884-350-0456x4692,2024-10-06
378,Denise Melendez,nathanwhite@gmail.com,6217252591,2024-03-01
379,Thomas Brown,heatherbaker@carson.org,403.725.6354x66777,2025-10-02
380,Rebecca Pope,vincentlloyd@moreno-hernandez.com,399-023-5011,2025-05-05
381,Robert Carter,morganbetty@hotmail.com,327-925-7811x3299,2024-12-25
382,Frank Johnson,fsherman@navarro-gordon.com,681-887-2003,2024-11-10
383,Jason Rodriguez,edwardsmichael@yahoo.com,279-533-6738x938,2025-03-19
384,Emma Adams,warren16@thomas.com,322-741-4815x6065,2025-04-23
385,Austin Holt,martineztimothy@gmail.com,906-489-0456x633,2024-10-01
386,Wendy Villanueva,wbarrera@yahoo.com,3777172714,2024-01-27
387,Alfred Hoover,glloyd@yahoo.com,748.339.2673,2023-11-24
388,Nicholas Vazquez,zamorajulie@gmail.com,+1-988-142-5987x8802,2025-02-14
389,Paul Daniels,torreschris@hotmail.com,822-572-5634,2024-11-26
390,Tiffany Simmons,jessicawillis@curry.com,(521)456-1995,2024-05-24
391,Debra Roberts,ebrown@gonzalez.net,+1-455-494-7526x241,2025-02-01
392,Jennifer Jackson,jon40@hotmail.com,001-146-371-5700x66123,2024-01-20
393,Kelly Caldwell,tgoodwin@patton.info,471.941.3883,2025-02-02
394,Jennifer Wall,moyerjeffrey@mata.biz,(972)734-1208,2025-08-31
395,Jesus Ray,mrogers@carter.com,682-308-8379,2024-10-14
396,Steven Koch,jeffreyrobinson@gmail.com,7021557198,2024-11-23
397,Gloria Reyes,jamescaleb@hernandez-howard.com,(999)227-4947x113,2023-12-08
398,Mr. Carlos Russell Jr.,evansfrank@hotmail.com,(125)364-0222,2023-12-04
399,Mark Stevenson,leonardtimothy@davis-herrera.com,691.115.2468,2024-01-13
400,Robert Powell,dixonmichael@bradford-montgomery.biz,001-268-629-3820x71427,2024-02-06
401,Terrance Watson,turnerfrederick@robinson.info,003.002.6081x52945,2025-08-10
402,Robert Giles,nbarnett@hotmail.com,001-713-008-0360,2025-08-25
403,Scott Bishop,campbelljohn@yahoo.com,862.051.3368,2025-01-18
404,Benjamin Kane,lroy@hotmail.com,(075)442-8627x0995,2024-10-02
405,Scott Harrell,natashacunningham@hall.com,001-084-794-0135,2024-11-24
406,Joanna Morales,smithjoshua@yahoo.com,(340)053-9224x757,2025-02-02
407,Jennifer Park,dianewhite@morris.com,163.507.8040x378,2025-03-30
408,Alejandro Warren,nicole21@johnson-woods.biz,(436)347-3242x095,2025-01-21
409,Mrs. Cindy Harmon,steven96@lynch-evans.biz,(058)877-2467x29433,2024-12-20
410,Stephen Miller,josephgates@diaz.net,(451)292-4894,2025-02-26
411,Anthony Simpson,cristinacooper@hotmail.com,297-250-7818,2024-05-31
412,Shannon Cantu,angela88@herring.info,239-928-2187x868,2023-10-18
413,Dana Hanna,larsonkarla@burns.biz,686-679-0118,2024-08-29
414,Katherine Hall,johnbrooks@gmail.com,(759)061-1106x1621,2024-04-12
415,Curtis Callahan,sspence@gmail.com,982.057.4378x26969,2024-05-10
416,Brian Baker,fhernandez@lopez.net,+1-394-479-3143,2025-06-18
417,Melanie Day,stephaniebridges@gmail.com,914-778-3546,2025-05-31
418,Sean Jones,imoody@richardson-campbell.net,9300614562,2024-02-07
419,Carmen Warren,nicole27@rogers.com,640.918.7744x7292,2024-01-04
420,Joshua Hill,lindseyamber@hotmail.com,133.156.4059x102,2025-01-28
421,Joanna Weaver,reillyjared@graves.com,001-934-403-6263x71361,2025-04-29
422,Isaac Gray,tracy37@yahoo.com,001-554-668-1525,2025-04-08
423,Scott Stephenson,vasquezdustin@yahoo.com,858-541-2348x7139,2025-01-12
424,Ryan Martin,kimberlyperkins@beck-reyes.info,383-878-9155x88462,2024-11-20
425,Mary Weber,xrogers@hotmail.com,(037)578-0910x57918,2025-03-09
426,Corey Glenn,lopeztraci@cortez.com,151-202-0332x52930,2024-07-05
427,Penny Watts,cchan@singh.net,001-691-544-8995x4687,2024-06-03
428,Michelle Brown,jwalker@day-garrett.com,001-618-235-1889x7826,2024-10-13
429,Angela Herrera,scott95@allen-nichols.org,001-833-290-5635x576,2025-03-13
430,Dr. Lindsey Mills,dward@flores.net,001-512-067-2491,2024-10-13
431,Katherine Freeman,juan26@gmail.com,001-468-163-0026x7011,2024-06-12
432,Kaylee Peters,hansenryan@gmail.com,+1-756-897-5499x86793,2024-06-29
433,Rebecca Romero,aliciamorris@hotmail.com,001-401-947-6478x184,2024-08-06
434,Melissa Shaffer,michael12@gmail.com,674-636-0635x19251,2024-08-31
435,Daniel Spencer,laurieklein@gmail.com,494.870.6813,2025-06-05
436,Matthew Brown,richard02@yahoo.com,001-346-383-5116,2024-10-28
437,Katherine Murphy,brenda54@gmail.com,001-901-225-6365,2025-07-03
438,April Garcia,warrensamantha@gmail.com,128-843-4708x2608,2024-11-03
439,Michael Cole,wilsonsamantha@marshall.com,+1-848-793-6206x5902,2024-05-25
440,Thomas Montoya,rbrown@yahoo.com,332.822.6299,2024-12-14
441,Robin Barnes,kimcarol@pittman-gillespie.com,2434315741,2024-10-08
442,Monica Baker,rwest@hotmail.com,(951)974-2108x33921,2025-07-07
443,Denise Ochoa,matthew48@gmail.com,+1-265-667-8464x349,2025-09-24
444,Vernon Todd,mitchellconnor@gmail.com,+1-760-619-4348,2024-02-22
445,Crystal Perez,johnmartin@glenn.biz,(699)279-7820,2025-06-04
446,Michelle Mann,rachelholden@hotmail.com,+1-043-682-5600,2023-12-26
447,Scott Taylor,benjamin64@macias-mccall.com,(910)474-3556x9038,2024-01-13
448,Suzanne Perry,tracybell@williams.net,814-499-6310,2025-06-29
449,Mary Adams,melissafarley@yahoo.com,5183473034,2025-03-17
450,Zachary Harris,monroetrevor@cox.com,292-004-4414,2024-07-01
451,Angelica Johnson,jerrysilva@brooks.com,001-258-396-6766x510,2025-02-18
452,Kathryn Barnett,danny89@tate.org,001-047-290-6776,2025-05-28
453,Janet Smith,lynnhall@hotmail.com,+1-302-411-9225x6510,2023-10-11
454,Jessica Sanders,robbinseric@young.com,845.380.2884x021,2024-05-15
455,Joe Dodson,dhawkins@yahoo.com,138.633.8171x5947,2025-05-04
456,Jamie Campos,kenneth68@perez-rojas.com,761-459-7233x3240,2025-07-08
457,Deborah Walker,michael14@fox.com,+1-390-887-5813,2023-12-22
458,Carolyn Smith,lisa27@hotmail.com,(911)423-1253x4085,2024-08-04
459,John Salazar,stewartanthony@davies.com,001-891-010-4980x185,2024-09-13
460,Karen Bailey,stephen80@collins-friedman.com,179-643-2270x2612,2025-03-18
461,David Myers,james87@russell.biz,+1-703-830-3076x8017,2024-03-15
462,Joel Thomas,spearsandrew@reeves.biz,444-863-6692x06059,2025-01-16
463,Thomas Wheeler,shawnreeves@hotmail.com,+1-257-672-5162x7593,2024-01-23
464,Anthony Garcia,brittany21@hotmail.com,582-564-4116x1813,2024-02-17
465,Rhonda Foster,jamie95@hotmail.com,(408)354-2501,2025-01-11
466,Kevin Johnson,pearsonnorman@bates.org,+1-174-251-1386x1125,2025-06-04
467,Terri Johnson,kathrynprice@foster.com,(058)691-2861,2023-11-03
468,Kathryn Carter,katie22@barrett.com,001-914-056-8412,2025-07-08
469,Steven Simmons,lisawheeler@brown-smith.com,001-537-369-5131x4408,2024-06-04
470,Mary Garcia,browningtracey@yahoo.com,210-986-1442x2886,2025-08-18
471,Richard Mills,ericawright@hotmail.com,001-356-354-5662,2024-03-09
472,Darren Gonzalez,charleslopez@gmail.com,(899)392-3218x379,2023-10-17
473,Julie Mathis,natashajackson@anderson.net,+1-601-680-3744x07244,2025-09-16
474,Amanda Bray,thompsonbenjamin@hotmail.com,576-770-4643,2025-03-16
475,Tabitha Moore MD,estradatravis@yahoo.com,+1-755-744-5019x97243,2024-12-30
476,Shari Gray,ryan81@gmail.com,982-410-4540x5766,2025-04-02
477,Elijah Snyder,sarah50@yahoo.com,+1-951-021-0782x4934,2023-10-11
478,Wayne Proctor,abrown@martinez.com,(423)238-1248,2023-11-14
479,Erin Smith,tiffany94@yahoo.com,+1-554-201-9893x46847,2024-02-08
480,Deborah Lee,patricianguyen@diaz.com,308-841-2399,2025-07-20
481,Ashley Hartman,alexander43@walker-cervantes.com,784.169.0043,2025-08-03
482,Crystal Luna,kathy76@smith.com,001-113-933-6086x76535,2024-12-18
483,Alyssa Sutton,cody38@hotmail.com,443-647-8573,2024-06-07
484,Yolanda Smith,yanderson@burns-berry.org,(881)096-8353x0237,2024-11-20
485,Matthew Bell,zacharysanders@hotmail.com,0397952456,2024-02-27
486,Allen Jones,lisaleon@hotmail.com,9032629910,2025-08-01
487,Brady Martin,davischristina@hotmail.com,001-465-011-3454x5158,2025-04-26
488,Sherry Anthony,gregorystein@hotmail.com,001-745-658-6772x7912,2024-05-05
489,Melissa Dean,uanderson@gmail.com,972.628.9033x81283,2025-03-22
490,Michael Osborne,pamelabradley@hotmail.com,+1-889-356-4324x5954,2024-09-11
491,Cheryl Jenkins,zthomas@gmail.com,316-877-4176x6652,2023-10-16
492,Matthew Perry,stantonalicia@yahoo.com,001-819-878-8377,2025-05-20
493,Christy Riggs,fosterlindsay@martin-dunlap.org,747-785-6346x01150,2025-03-01
494,Samuel Carpenter,walkerholly@hernandez.com,(103)028-7639,2024-04-18
495,Christine Ballard,kfrench@hotmail.com,591-412-0134x409,2024-07-24
496,Jessica Gray,johnsonamanda@cole.net,(238)812-1777,2025-04-24
497,Donald Beck,holmessydney@lopez.org,001-907-201-1813x3511,2025-09-30
498,Brandon Novak,collinssandra@yahoo.com,366.351.5620,2025-01-02
499,Mark Howard,nlambert@jacobs-jacobs.info,573.683.7264,2023-12-31
500,Valerie Watts,stephanierogers@hotmail.com,052.981.2216x53238,2023-10-19
